Price,Close
Ticker,MSFT
Date,
2020-01-02,152.5056610107422
2020-01-03,150.60671997070312
2020-01-06,150.99600219726562
2020-01-07,149.61929321289062
2020-01-08,152.00241088867188
2020-01-09,153.90142822265625
2020-01-10,153.18931579589844
2020-01-13,155.03131103515625
2020-01-14,153.9394073486328
2020-01-15,154.9363555908203
2020-01-16,157.77529907226562
2020-01-17,158.6583251953125
2020-01-21,158.08868408203125
2020-01-22,157.3291015625
2020-01-23,158.29754638671875
2020-01-24,156.70240783691406
2020-01-27,154.081787109375
2020-01-28,157.1011962890625
2020-01-29,159.5508575439453
2020-01-30,164.05136108398438
2020-01-31,161.63021850585938
2020-02-03,165.570556640625
2020-02-04,171.02059936523438
2020-02-05,170.8117218017578
2020-02-06,174.35324096679688
2020-02-07,174.60012817382812
2020-02-10,179.16709899902344
2020-02-11,175.1223602294922
2020-02-12,175.3787384033203
2020-02-13,174.42921447753906
2020-02-14,175.98634338378906
2020-02-18,177.7714080810547
2020-02-19,178.30455017089844
2020-02-20,175.5815887451172
2020-02-21,170.03102111816406
2020-02-24,162.70004272460938
2020-02-25,160.01522827148438
2020-02-26,162.0145721435547
2020-02-27,150.5991973876953
2020-02-28,154.2456512451172
2020-03-02,164.5089874267578
2020-03-03,156.6258544921875
2020-03-04,162.37635803222656
2020-03-05,158.30148315429688
2020-03-06,153.8267059326172
2020-03-09,143.40151977539062
2020-03-10,153.2078857421875
2020-03-11,146.26724243164062
2020-03-12,132.3955078125
2020-03-13,151.2180633544922
2020-03-16,128.929931640625
2020-03-17,139.54562377929688
2020-03-18,133.6712646484375
2020-03-19,135.87057495117188
2020-03-20,130.7674560546875
2020-03-23,129.46311950683594
2020-03-24,141.23074340820312
2020-03-25,139.87881469726562
2020-03-26,148.62838745117188
2020-03-27,142.5255889892578
2020-03-30,152.5509490966797
2020-03-31,150.15171813964844
2020-04-01,144.82009887695312
2020-04-02,147.81912231445312
2020-04-03,146.45767211914062
2020-04-06,157.3494415283203
2020-04-07,155.6546630859375
2020-04-08,157.216064453125
2020-04-09,157.2256317138672
2020-04-13,157.577880859375
2020-04-14,165.3753662109375
2020-04-15,163.642578125
2020-04-16,168.55532836914062
2020-04-17,170.04054260253906
2020-04-20,166.6702117919922
2020-04-21,159.77716064453125
2020-04-22,165.2039794921875
2020-04-23,163.20465087890625
2020-04-24,166.1846466064453
2020-04-27,165.70858764648438
2020-04-28,161.6718292236328
2020-04-29,168.9266357421875
2020-04-30,170.62132263183594
2020-05-01,166.2036590576172
2020-05-04,170.26902770996094
2020-05-05,172.09701538085938
2020-05-06,173.7917022705078
2020-05-07,174.8009490966797
2020-05-08,175.82913208007812
2020-05-11,177.7904510498047
2020-05-12,173.76319885253906
2020-05-13,171.13543701171875
2020-05-14,171.87806701660156
2020-05-15,174.38198852539062
2020-05-18,176.04812622070312
2020-05-19,174.82948303222656
2020-05-20,177.25453186035156
2020-05-21,175.12542724609375
2020-05-22,175.2018280029297
2020-05-26,173.34967041015625
2020-05-27,173.5788116455078
2020-05-28,173.18734741210938
2020-05-29,174.95358276367188
2020-06-01,174.55262756347656
2020-06-02,176.53846740722656
2020-06-03,176.96807861328125
2020-06-04,174.6385498046875
2020-06-05,178.7247772216797
2020-06-08,179.83226013183594
2020-06-09,181.2070770263672
2020-06-10,187.9283447265625
2020-06-11,177.83685302734375
2020-06-12,179.24029541015625
2020-06-15,180.385986328125
2020-06-16,184.8063507080078
2020-06-17,185.44607543945312
2020-06-18,187.43185424804688
2020-06-19,186.31483459472656
2020-06-22,191.48948669433594
2020-06-23,192.76878356933594
2020-06-24,188.883056640625
2020-06-25,191.26986694335938
2020-06-26,187.44142150878906
2020-06-29,189.45590209960938
2020-06-30,194.2963409423828
2020-07-01,195.43247985839844
2020-07-02,196.9218292236328
2020-07-06,201.16082763671875
2020-07-07,198.82176208496094
2020-07-08,203.1944122314453
2020-07-09,204.61695861816406
2020-07-10,203.996337890625
2020-07-13,197.6951904296875
2020-07-14,198.917236328125
2020-07-15,198.6212921142578
2020-07-16,194.68777465820312
2020-07-17,193.69488525390625
2020-07-20,202.02011108398438
2020-07-21,199.29910278320312
2020-07-22,202.16329956054688
2020-07-23,193.3702850341797
2020-07-24,192.1864013671875
2020-07-27,194.6209716796875
2020-07-28,192.8738250732422
2020-07-29,194.82147216796875
2020-07-30,194.66867065429688
2020-07-31,195.72840881347656
2020-08-03,206.7364044189453
2020-08-04,203.63357543945312
2020-08-05,203.29942321777344
2020-08-06,206.5550079345703
2020-08-07,202.86026000976562
2020-08-10,198.82176208496094
2020-08-11,194.1722412109375
2020-08-12,199.71920776367188
2020-08-13,199.25140380859375
2020-08-14,199.4423370361328
2020-08-17,200.7598419189453
2020-08-18,201.9150848388672
2020-08-19,200.69007873535156
2020-08-20,205.3603973388672
2020-08-21,203.86741638183594
2020-08-24,204.50865173339844
2020-08-25,207.16920471191406
2020-08-26,211.64810180664062
2020-08-27,216.84481811523438
2020-08-28,219.07472229003906
2020-08-31,215.83995056152344
2020-09-01,217.50518798828125
2020-09-02,221.69696044921875
2020-09-03,207.96351623535156
2020-09-04,205.04458618164062
2020-09-08,193.9525604248047
2020-09-09,202.21176147460938
2020-09-10,196.546142578125
2020-09-11,195.2637176513672
2020-09-14,196.5843963623047
2020-09-15,199.80955505371094
2020-09-16,196.23983764648438
2020-09-17,194.19183349609375
2020-09-18,191.7800750732422
2020-09-21,193.83770751953125
2020-09-22,198.508056640625
2020-09-23,191.9715118408203
2020-09-24,194.4597625732422
2020-09-25,198.89085388183594
2020-09-28,200.44122314453125
2020-09-29,198.3549041748047
2020-09-30,201.2930145263672
2020-10-01,203.33152770996094
2020-10-02,197.3308563232422
2020-10-05,201.34083557128906
2020-10-06,197.06288146972656
2020-10-07,200.8144989013672
2020-10-08,201.5322723388672
2020-10-09,206.53756713867188
2020-10-12,211.8874053955078
2020-10-13,213.28463745117188
2020-10-14,211.3705596923828
2020-10-15,210.22215270996094
2020-10-16,210.22215270996094
2020-10-19,205.01585388183594
2020-10-20,205.42739868164062
2020-10-21,205.57095336914062
2020-10-22,205.6570587158203
2020-10-23,206.9394989013672
2020-10-26,201.05377197265625
2020-10-27,204.08753967285156
2020-10-28,193.9716796875
2020-10-29,195.92401123046875
2020-10-30,193.77072143554688
2020-11-02,193.63671875
2020-11-03,197.56053161621094
2020-11-04,207.09263610839844
2020-11-05,213.69615173339844
2020-11-06,214.10769653320312
2020-11-09,209.00668334960938
2020-11-10,201.94378662109375
2020-11-11,207.24578857421875
2020-11-12,206.18344116210938
2020-11-13,207.20745849609375
2020-11-16,207.89649963378906
2020-11-17,205.24554443359375
2020-11-18,202.53965759277344
2020-11-19,203.82540893554688
2020-11-20,201.8775634765625
2020-11-23,201.60890197753906
2020-11-24,205.20716857910156
2020-11-25,205.21676635742188
2020-11-27,206.52171325683594
2020-11-30,205.40869140625
2020-12-01,207.46212768554688
2020-12-02,206.65611267089844
2020-12-03,205.57183837890625
2020-12-04,205.68695068359375
2020-12-07,205.61978149414062
2020-12-08,207.2701873779297
2020-12-09,203.23052978515625
2020-12-10,202.00230407714844
2020-12-11,204.63140869140625
2020-12-14,205.53341674804688
2020-12-15,205.46627807617188
2020-12-16,210.40786743164062
2020-12-17,210.5421905517578
2020-12-18,209.7457733154297
2020-12-21,213.5839385986328
2020-12-22,214.87936401367188
2020-12-23,212.07745361328125
2020-12-24,213.73748779296875
2020-12-28,215.85806274414062
2020-12-29,215.08082580566406
2020-12-30,212.71078491210938
2020-12-31,213.4208526611328
2021-01-04,208.88221740722656
2021-01-05,209.08370971679688
2021-01-06,203.66232299804688
2021-01-07,209.4579620361328
2021-01-08,210.73411560058594
2021-01-11,208.69032287597656
2021-01-12,206.23390197753906
2021-01-13,207.5868377685547
2021-01-14,204.4011688232422
2021-01-15,204.046142578125
2021-01-19,207.6828155517578
2021-01-20,215.2631072998047
2021-01-21,215.86766052246094
2021-01-22,216.8079833984375
2021-01-25,220.24317932128906
2021-01-26,222.92987060546875
2021-01-27,223.47679138183594
2021-01-28,229.2628173828125
2021-01-29,222.57484436035156
2021-02-01,229.95370483398438
2021-02-02,229.81936645507812
2021-02-03,233.16818237304688
2021-02-04,232.21824645996094
2021-02-05,232.40052795410156
2021-02-08,232.6596221923828
2021-02-09,233.9070281982422
2021-02-10,232.9954833984375
2021-02-11,234.5978546142578
2021-02-12,235.07769775390625
2021-02-16,233.83982849121094
2021-02-17,234.85926818847656
2021-02-18,234.46498107910156
2021-02-19,231.75282287597656
2021-02-22,225.5399169921875
2021-02-23,224.3473663330078
2021-02-24,225.5784149169922
2021-02-25,220.23106384277344
2021-02-26,223.49143981933594
2021-03-01,227.8769989013672
2021-03-02,224.92437744140625
2021-03-03,218.8557586669922
2021-03-04,218.05752563476562
2021-03-05,222.74122619628906
2021-03-08,218.69223022460938
2021-03-09,224.83787536621094
2021-03-10,223.5298614501953
2021-03-11,228.05972290039062
2021-03-12,226.73252868652344
2021-03-15,225.82847595214844
2021-03-16,228.61756896972656
2021-03-17,227.97314453125
2021-03-18,221.8949432373047
2021-03-19,221.5390167236328
2021-03-22,226.96334838867188
2021-03-23,228.49249267578125
2021-03-24,226.45361328125
2021-03-25,223.4529266357422
2021-03-26,227.4345703125
2021-03-29,226.24203491210938
2021-03-30,222.98170471191406
2021-03-31,226.7517547607422
2021-04-01,233.08004760742188
2021-04-05,239.54302978515625
2021-04-06,238.3792724609375
2021-04-07,240.3412628173828
2021-04-08,243.56312561035156
2021-04-09,246.0636749267578
2021-04-12,246.12135314941406
2021-04-13,248.60267639160156
2021-04-14,245.8135986328125
2021-04-15,249.57406616210938
2021-04-16,250.76666259765625
2021-04-19,248.84307861328125
2021-04-20,248.3814697265625
2021-04-21,250.61270141601562
2021-04-22,247.3332061767578
2021-04-23,251.16094970703125
2021-04-26,251.545654296875
2021-04-27,251.94960021972656
2021-04-28,244.82301330566406
2021-04-29,242.8514404296875
2021-04-30,242.53402709960938
2021-05-03,242.22634887695312
2021-05-04,238.31195068359375
2021-05-05,237.04246520996094
2021-05-06,240.17771911621094
2021-05-07,242.8032989501953
2021-05-10,237.7252960205078
2021-05-11,236.81158447265625
2021-05-12,229.85816955566406
2021-05-13,233.7340545654297
2021-05-14,238.65817260742188
2021-05-17,235.80178833007812
2021-05-18,233.78213500976562
2021-05-19,234.36050415039062
2021-05-20,237.59947204589844
2021-05-21,236.3366241455078
2021-05-24,241.7445068359375
2021-05-25,242.6506805419922
2021-05-26,242.42897033691406
2021-05-27,240.3274688720703
2021-05-28,240.6841583251953
2021-06-01,238.4862823486328
2021-06-02,238.38990783691406
2021-06-03,236.85719299316406
2021-06-04,241.754150390625
2021-06-07,244.66537475585938
2021-06-08,243.47003173828125
2021-06-09,244.45326232910156
2021-06-10,247.97178649902344
2021-06-11,248.598388671875
2021-06-14,250.5263671875
2021-06-15,249.0514373779297
2021-06-16,248.1067657470703
2021-06-17,251.49989318847656
2021-06-18,250.08291625976562
2021-06-21,253.16763305664062
2021-06-22,255.94384765625
2021-06-23,255.7124786376953
2021-06-24,257.081298828125
2021-06-25,255.47142028808594
2021-06-28,259.0381164550781
2021-06-29,261.6216125488281
2021-06-30,261.13958740234375
2021-07-01,261.8143615722656
2021-07-02,267.646484375
2021-07-06,267.6560363769531
2021-07-07,269.8443298339844
2021-07-08,267.42462158203125
2021-07-09,267.92596435546875
2021-07-12,267.3282775878906
2021-07-13,270.8564758300781
2021-07-14,272.3313293457031
2021-07-15,270.90460205078125
2021-07-16,270.634765625
2021-07-19,267.02947998046875
2021-07-20,269.2562561035156
2021-07-21,271.2613830566406
2021-07-22,275.8305358886719
2021-07-23,279.23333740234375
2021-07-26,278.6356506347656
2021-07-27,276.21612548828125
2021-07-28,275.9075927734375
2021-07-29,276.1775817871094
2021-07-30,274.64483642578125
2021-08-02,274.5580139160156
2021-08-03,276.77520751953125
2021-08-04,276.18719482421875
2021-08-05,279.0887451171875
2021-08-06,279.0308532714844
2021-08-09,277.941650390625
2021-08-10,276.1197509765625
2021-08-11,276.6113586425781
2021-08-12,279.3683166503906
2021-08-13,282.298828125
2021-08-16,283.98577880859375
2021-08-17,282.52044677734375
2021-08-18,280.7917175292969
2021-08-19,286.6251220703125
2021-08-20,293.955810546875
2021-08-23,294.2358093261719
2021-08-24,292.2752380371094
2021-08-25,291.6861267089844
2021-08-26,288.86590576171875
2021-08-27,289.4743957519531
2021-08-30,293.2120666503906
2021-08-31,291.56048583984375
2021-09-01,291.51214599609375
2021-09-02,290.85546875
2021-09-03,290.8458251953125
2021-09-07,289.9186096191406
2021-09-08,289.94757080078125
2021-09-09,287.0887756347656
2021-09-10,285.6014404296875
2021-09-13,286.8376770019531
2021-09-14,289.5419921875
2021-09-15,294.4000244140625
2021-09-16,294.7864074707031
2021-09-17,289.61920166015625
2021-09-20,284.2396545410156
2021-09-21,284.7225341796875
2021-09-22,288.3733215332031
2021-09-23,289.3197937011719
2021-09-24,289.1169738769531
2021-09-27,284.11407470703125
2021-09-28,273.828125
2021-09-29,274.291748046875
2021-09-30,272.2828369140625
2021-10-01,279.2174377441406
2021-10-04,273.4320983886719
2021-10-05,278.88909912109375
2021-10-06,283.0903625488281
2021-10-07,284.7708435058594
2021-10-08,284.7708435058594
2021-10-11,284.1719970703125
2021-10-12,282.86822509765625
2021-10-13,286.180908203125
2021-10-14,292.4007568359375
2021-10-15,293.8108215332031
2021-10-18,296.7855529785156
2021-10-19,297.693359375
2021-10-20,296.9014892578125
2021-10-21,300.136962890625
2021-10-22,298.5916748046875
2021-10-25,297.5968322753906
2021-10-26,299.5091552734375
2021-10-27,312.122802734375
2021-10-28,313.26239013671875
2021-10-29,320.2838134765625
2021-11-01,318.1107177734375
2021-11-02,321.74224853515625
2021-11-03,322.5826110839844
2021-11-04,324.93914794921875
2021-11-05,324.5721130371094
2021-11-08,325.47027587890625
2021-11-09,324.4658508300781
2021-11-10,319.4919128417969
2021-11-11,321.0662536621094
2021-11-12,325.20953369140625
2021-11-15,324.5818176269531
2021-11-16,327.9041748046875
2021-11-17,328.1268005371094
2021-11-18,330.2070007324219
2021-11-19,331.9873352050781
2021-11-22,328.8136901855469
2021-11-23,326.7334289550781
2021-11-24,326.9559631347656
2021-11-26,318.9927978515625
2021-11-29,325.7174072265625
2021-11-30,319.8731994628906
2021-12-01,319.3797607421875
2021-12-02,318.808837890625
2021-12-03,312.5389709472656
2021-12-06,315.6158447265625
2021-12-07,324.0628967285156
2021-12-08,324.1112365722656
2021-12-09,322.3018493652344
2021-12-10,331.4358215332031
2021-12-13,328.397705078125
2021-12-14,317.6961669921875
2021-12-15,323.8016357421875
2021-12-16,314.3677062988281
2021-12-17,313.3033447265625
2021-12-20,309.53936767578125
2021-12-21,316.6802062988281
2021-12-22,322.3986511230469
2021-12-23,323.84033203125
2021-12-27,331.3488464355469
2021-12-28,330.1877136230469
2021-12-29,330.864990234375
2021-12-30,328.3202819824219
2021-12-31,325.41748046875
2022-01-03,323.8983459472656
2022-01-04,318.34454345703125
2022-01-05,306.1238708496094
2022-01-06,303.7049255371094
2022-01-07,303.8597412109375
2022-01-10,304.082275390625
2022-01-11,304.769287109375
2022-01-12,307.95263671875
2022-01-13,294.9192199707031
2022-01-14,300.144287109375
2022-01-18,292.8389892578125
2022-01-19,293.49688720703125
2022-01-20,291.8230285644531
2022-01-21,286.43353271484375
2022-01-24,286.7625427246094
2022-01-25,279.13800048828125
2022-01-26,287.0915222167969
2022-01-27,290.1200866699219
2022-01-28,298.2671203613281
2022-01-31,300.89898681640625
2022-02-01,298.75091552734375
2022-02-02,303.2985534667969
2022-02-03,291.484375
2022-02-04,296.02227783203125
2022-02-07,291.194091796875
2022-02-08,294.6871032714844
2022-02-09,301.1214599609375
2022-02-10,292.5777282714844
2022-02-11,285.4757080078125
2022-02-14,285.43695068359375
2022-02-15,290.7296142578125
2022-02-16,290.3902893066406
2022-02-17,281.88702392578125
2022-02-18,279.1722106933594
2022-02-22,278.9685974121094
2022-02-23,271.7451477050781
2022-02-24,285.6296081542969
2022-02-25,288.26690673828125
2022-02-28,289.701904296875
2022-03-01,285.9787292480469
2022-03-02,291.05926513671875
2022-03-03,286.9191589355469
2022-03-04,281.04345703125
2022-03-07,270.4265441894531
2022-03-08,267.4596252441406
2022-03-09,279.724853515625
2022-03-10,276.9033508300781
2022-03-11,271.55126953125
2022-03-14,268.03173828125
2022-03-15,278.4158935546875
2022-03-16,285.4356994628906
2022-03-17,286.24041748046875
2022-03-18,291.2919921875
2022-03-21,290.06060791015625
2022-03-22,294.81158447265625
2022-03-23,290.380615234375
2022-03-24,294.85040283203125
2022-03-25,294.4431457519531
2022-03-28,301.2496032714844
2022-03-29,305.81634521484375
2022-03-30,304.3134460449219
2022-03-31,298.93231201171875
2022-04-01,300.008544921875
2022-04-04,305.38970947265625
2022-04-05,301.4241943359375
2022-04-06,290.3902893066406
2022-04-07,292.20343017578125
2022-04-08,287.93719482421875
2022-04-11,276.5834655761719
2022-04-12,273.480712890625
2022-04-13,278.87164306640625
2022-04-14,271.3186340332031
2022-04-18,271.987548828125
2022-04-19,276.6221618652344
2022-04-20,277.6499938964844
2022-04-21,272.2688293457031
2022-04-22,265.6950378417969
2022-04-25,272.1814880371094
2022-04-26,262.00091552734375
2022-04-27,274.60552978515625
2022-04-28,280.82049560546875
2022-04-29,269.0788269042969
2022-05-02,275.8174743652344
2022-05-03,273.2092590332031
2022-05-04,281.159912109375
2022-05-05,268.9140319824219
2022-05-06,266.3736572265625
2022-05-09,256.53240966796875
2022-05-10,261.3027648925781
2022-05-11,252.62501525878906
2022-05-12,247.58319091796875
2022-05-13,253.17770385742188
2022-05-16,253.54612731933594
2022-05-17,258.7043151855469
2022-05-18,246.92556762695312
2022-05-19,246.01206970214844
2022-05-20,245.44839477539062
2022-05-23,253.31057739257812
2022-05-24,252.30955505371094
2022-05-25,255.12791442871094
2022-05-26,258.41278076171875
2022-05-27,265.54608154296875
2022-05-31,264.214599609375
2022-06-01,264.7491760253906
2022-06-02,266.84832763671875
2022-06-03,262.416748046875
2022-06-06,261.1824951171875
2022-06-07,264.8268737792969
2022-06-08,262.79571533203125
2022-06-09,257.3340148925781
2022-06-10,245.86630249023438
2022-06-13,235.43838500976562
2022-06-14,237.60560607910156
2022-06-15,244.6708984375
2022-06-16,238.0720977783203
2022-06-17,240.67662048339844
2022-06-21,246.59515380859375
2022-06-22,246.0023193359375
2022-06-23,251.57101440429688
2022-06-24,260.162109375
2022-06-27,257.43121337890625
2022-06-28,249.25802612304688
2022-06-29,252.9315643310547
2022-06-30,249.59814453125
2022-07-01,252.2707061767578
2022-07-05,255.44863891601562
2022-07-06,258.7140197753906
2022-07-07,260.84234619140625
2022-07-08,260.1231994628906
2022-07-11,257.06195068359375
2022-07-12,246.52716064453125
2022-07-13,245.60391235351562
2022-07-14,246.92556762695312
2022-07-15,249.49124145507812
2022-07-18,247.0908203125
2022-07-19,252.22213745117188
2022-07-20,254.8849334716797
2022-07-21,257.382568359375
2022-07-22,253.0287322998047
2022-07-25,251.54183959960938
2022-07-26,244.80697631835938
2022-07-27,261.17279052734375
2022-07-28,268.6268310546875
2022-07-29,272.83489990234375
2022-08-01,270.18182373046875
2022-08-02,267.08160400390625
2022-08-03,274.51617431640625
2022-08-04,275.6629638671875
2022-08-05,274.9438171386719
2022-08-08,272.4267272949219
2022-08-09,274.3509521484375
2022-08-10,281.01776123046875
2022-08-11,278.93804931640625
2022-08-12,283.69036865234375
2022-08-15,285.2064514160156
2022-08-16,284.4678649902344
2022-08-17,283.71795654296875
2022-08-18,282.597900390625
2022-08-19,278.6828308105469
2022-08-22,270.50201416015625
2022-08-23,269.22625732421875
2022-08-24,268.5932312011719
2022-08-25,271.5733337402344
2022-08-26,261.0941467285156
2022-08-29,258.3087463378906
2022-08-30,256.1076965332031
2022-08-31,254.6468505859375
2022-09-01,253.60476684570312
2022-09-02,249.37803649902344
2022-09-06,246.64137268066406
2022-09-07,251.3550567626953
2022-09-08,251.7738494873047
2022-09-09,257.558837890625
2022-09-12,259.69171142578125
2022-09-13,245.41424560546875
2022-09-14,245.63824462890625
2022-09-15,238.97677612304688
2022-09-16,238.35345458984375
2022-09-19,238.1392059326172
2022-09-20,236.12318420410156
2022-09-21,232.71450805664062
2022-09-22,234.6915283203125
2022-09-23,231.71139526367188
2022-09-26,231.25367736816406
2022-09-27,230.24081420898438
2022-09-28,234.7792205810547
2022-09-29,231.30238342285156
2022-09-30,226.82240295410156
2022-10-03,234.45785522460938
2022-10-04,242.38540649414062
2022-10-05,242.69708251953125
2022-10-06,240.34996032714844
2022-10-07,228.12744140625
2022-10-10,223.2676544189453
2022-10-11,219.52786254882812
2022-10-12,219.85897827148438
2022-10-13,228.12744140625
2022-10-14,222.59567260742188
2022-10-17,231.3315887451172
2022-10-18,232.27627563476562
2022-10-19,230.3089599609375
2022-10-20,229.9875946044922
2022-10-21,235.8018035888672
2022-10-24,240.79795837402344
2022-10-25,244.11895751953125
2022-10-26,225.2836456298828
2022-10-27,220.83285522460938
2022-10-28,229.7149200439453
2022-10-31,226.072509765625
2022-11-01,222.21583557128906
2022-11-02,214.3564453125
2022-11-03,208.65908813476562
2022-11-04,215.6127471923828
2022-11-07,221.92364501953125
2022-11-08,222.89755249023438
2022-11-09,218.65133666992188
2022-11-10,236.63937377929688
2022-11-11,240.6615753173828
2022-11-14,235.24668884277344
2022-11-15,235.6557159423828
2022-11-16,236.0854034423828
2022-11-17,236.03659057617188
2022-11-18,235.58734130859375
2022-11-21,236.39801025390625
2022-11-22,239.30836486816406
2022-11-23,241.79885864257812
2022-11-25,241.71092224121094
2022-11-28,236.11476135253906
2022-11-29,234.71815490722656
2022-11-30,249.1822967529297
2022-12-01,248.74282836914062
2022-12-02,249.0651092529297
2022-12-05,244.35763549804688
2022-12-06,239.3962860107422
2022-12-07,238.66375732421875
2022-12-08,241.62303161621094
2022-12-09,239.68930053710938
2022-12-12,246.6136932373047
2022-12-13,250.9207305908203
2022-12-14,251.21376037597656
2022-12-15,243.19544982910156
2022-12-16,238.97634887695312
2022-12-19,234.8353271484375
2022-12-20,236.15380859375
2022-12-21,238.72238159179688
2022-12-22,232.6280975341797
2022-12-23,233.15548706054688
2022-12-27,231.4268341064453
2022-12-28,229.0535888671875
2022-12-29,235.38223266601562
2022-12-30,234.2200164794922
2023-01-03,233.9856414794922
2023-01-04,223.75038146972656
2023-01-05,217.118896484375
2023-01-06,219.67771911621094
2023-01-09,221.8166046142578
2023-01-10,223.5061798095703
2023-01-11,230.26463317871094
2023-01-12,232.94065856933594
2023-01-13,233.64381408691406
2023-01-17,234.7376708984375
2023-01-18,230.30364990234375
2023-01-19,226.5142822265625
2023-01-20,234.61068725585938
2023-01-23,236.91558837890625
2023-01-24,236.38819885253906
2023-01-25,234.99159240722656
2023-01-26,242.20904541015625
2023-01-27,242.36529541015625
2023-01-30,237.04258728027344
2023-01-31,242.02346801757812
2023-02-01,246.84811401367188
2023-02-02,258.42138671875
2023-02-03,252.31736755371094
2023-02-06,250.7742462158203
2023-02-07,261.3122863769531
2023-02-08,260.501708984375
2023-02-09,257.4643249511719
2023-02-10,256.9564514160156
2023-02-13,264.9844970703125
2023-02-14,265.81463623046875
2023-02-15,263.6899719238281
2023-02-16,256.6698913574219
2023-02-17,252.66537475585938
2023-02-21,247.38809204101562
2023-02-22,246.25230407714844
2023-02-23,249.4441680908203
2023-02-24,244.01016235351562
2023-02-27,244.9305419921875
2023-02-28,244.20599365234375
2023-03-01,241.1218719482422
2023-03-02,245.8606719970703
2023-03-03,249.95327758789062
2023-03-06,251.500244140625
2023-03-07,248.8371124267578
2023-03-08,248.39654541015625
2023-03-09,247.04539489746094
2023-03-10,243.3933868408203
2023-03-13,248.61195373535156
2023-03-14,255.33831787109375
2023-03-15,259.8911437988281
2023-03-16,270.4262390136719
2023-03-17,273.5886535644531
2023-03-20,266.5391845703125
2023-03-21,268.0567932128906
2023-03-22,266.597900390625
2023-03-23,271.855712890625
2023-03-24,274.704833984375
2023-03-27,270.6023864746094
2023-03-28,269.4764709472656
2023-03-29,274.6460876464844
2023-03-30,278.112060546875
2023-03-31,282.2732238769531
2023-04-03,281.2256164550781
2023-04-04,281.17669677734375
2023-04-05,278.39599609375
2023-04-06,285.5042724609375
2023-04-10,283.3404235839844
2023-04-11,276.9176025390625
2023-04-12,277.5637512207031
2023-04-13,283.78106689453125
2023-04-14,280.15838623046875
2023-04-17,282.76275634765625
2023-04-18,282.3417663574219
2023-04-19,282.4201354980469
2023-04-20,280.1289978027344
2023-04-21,279.7863464355469
2023-04-24,275.8797302246094
2023-04-25,269.66253662109375
2023-04-26,289.19549560546875
2023-04-27,298.4576721191406
2023-04-28,300.8369445800781
2023-05-01,299.17242431640625
2023-05-02,299.0255432128906
2023-05-03,298.0366516113281
2023-05-04,299.0255432128906
2023-05-05,304.1560363769531
2023-05-08,302.1977844238281
2023-05-09,300.582275390625
2023-05-10,305.78131103515625
2023-05-11,303.6272888183594
2023-05-12,302.5111389160156
2023-05-15,302.9909362792969
2023-05-16,305.22320556640625
2023-05-17,308.1080627441406
2023-05-18,312.5432434082031
2023-05-19,312.36663818359375
2023-05-22,315.15338134765625
2023-05-23,309.34442138671875
2023-05-24,307.96087646484375
2023-05-25,319.8044738769531
2023-05-26,326.6436462402344
2023-05-30,324.9951477050781
2023-05-31,322.22802734375
2023-06-01,326.3393859863281
2023-06-02,329.1065368652344
2023-06-05,329.63641357421875
2023-06-06,327.4188232421875
2023-06-07,317.3120422363281
2023-06-08,319.1568298339844
2023-06-09,320.6581115722656
2023-06-12,325.62310791015625
2023-06-13,328.017333984375
2023-06-14,331.0101013183594
2023-06-15,341.5682373046875
2023-06-16,335.90643310546875
2023-06-20,331.70684814453125
2023-06-21,327.301025390625
2023-06-22,333.33563232421875
2023-06-23,328.7336120605469
2023-06-26,322.43414306640625
2023-06-27,328.2921142578125
2023-06-28,329.5480651855469
2023-06-29,328.76312255859375
2023-06-30,334.15008544921875
2023-07-03,331.64794921875
2023-07-05,331.8049011230469
2023-07-06,334.8663330078125
2023-07-07,330.89239501953125
2023-07-10,325.6034851074219
2023-07-11,326.23150634765625
2023-07-12,330.8727722167969
2023-07-13,336.2302551269531
2023-07-14,338.7618713378906
2023-07-17,339.24273681640625
2023-07-18,352.74444580078125
2023-07-19,348.4172058105469
2023-07-20,340.361328125
2023-07-21,337.3194274902344
2023-07-24,338.6343688964844
2023-07-25,344.3941955566406
2023-07-26,331.43206787109375
2023-07-27,324.51434326171875
2023-07-28,332.0207824707031
2023-07-31,329.6167907714844
2023-08-01,330.0289001464844
2023-08-02,321.3547058105469
2023-08-03,320.5305480957031
2023-08-04,321.6294860839844
2023-08-07,323.915771484375
2023-08-08,319.9319152832031
2023-08-09,316.18365478515625
2023-08-10,316.87054443359375
2023-08-11,314.9865417480469
2023-08-14,317.95965576171875
2023-08-15,315.8205261230469
2023-08-16,315.0535888671875
2023-08-17,311.5923767089844
2023-08-18,311.1990051269531
2023-08-21,316.5088806152344
2023-08-22,317.0792236328125
2023-08-23,321.5434875488281
2023-08-24,314.63079833984375
2023-08-25,317.590576171875
2023-08-28,318.2985534667969
2023-08-29,322.929931640625
2023-08-30,323.3035583496094
2023-08-31,322.29083251953125
2023-09-01,323.1758117675781
2023-09-05,327.9841613769531
2023-09-06,327.32537841796875
2023-09-07,324.4049377441406
2023-09-08,328.6921081542969
2023-09-11,332.3009033203125
2023-09-12,326.23388671875
2023-09-13,330.4522705078125
2023-09-14,333.0482482910156
2023-09-15,324.70977783203125
2023-09-18,323.569091796875
2023-09-19,323.16595458984375
2023-09-20,315.4173889160156
2023-09-21,314.1981201171875
2023-09-22,311.7201843261719
2023-09-25,312.2413024902344
2023-09-26,306.93145751953125
2023-09-27,307.5705871582031
2023-09-28,308.4064636230469
2023-09-29,310.481201171875
2023-10-02,316.43023681640625
2023-10-03,308.16058349609375
2023-10-04,313.6375732421875
2023-10-05,314.03094482421875
2023-10-06,321.7991638183594
2023-10-09,324.3164367675781
2023-10-10,322.9102783203125
2023-10-11,326.873046875
2023-10-12,325.634033203125
2023-10-13,322.26129150390625
2023-10-16,327.0893249511719
2023-10-17,326.51904296875
2023-10-18,324.6015625
2023-10-19,325.7913818359375
2023-10-20,321.21905517578125
2023-10-23,323.82476806640625
2023-10-24,325.01458740234375
2023-10-25,334.9853820800781
2023-10-26,322.4186706542969
2023-10-27,324.3066101074219
2023-10-30,331.68145751953125
2023-10-31,332.46807861328125
2023-11-01,340.2952880859375
2023-11-02,342.5077209472656
2023-11-03,346.9129638671875
2023-11-06,350.58074951171875
2023-11-07,354.51397705078125
2023-11-08,357.13946533203125
2023-11-09,354.6713562011719
2023-11-10,363.50146484375
2023-11-13,360.5613708496094
2023-11-14,364.0914001464844
2023-11-15,364.2392272949219
2023-11-16,370.6437683105469
2023-11-17,364.4166259765625
2023-11-20,371.8951110839844
2023-11-21,367.58929443359375
2023-11-22,372.299072265625
2023-11-24,371.8852233886719
2023-11-27,373.0478820800781
2023-11-28,377.077880859375
2023-11-29,373.28436279296875
2023-11-30,373.343505859375
2023-12-01,369.0081481933594
2023-12-04,363.7170104980469
2023-12-05,367.04736328125
2023-12-06,363.38201904296875
2023-12-07,365.5004577636719
2023-12-08,368.73223876953125
2023-12-11,365.84527587890625
2023-12-12,368.8800354003906
2023-12-13,368.87017822265625
2023-12-14,360.55419921875
2023-12-15,365.28369140625
2023-12-18,367.17547607421875
2023-12-19,367.77655029296875
2023-12-20,365.17529296875
2023-12-21,368.05242919921875
2023-12-22,369.07708740234375
2023-12-26,369.15594482421875
2023-12-27,368.57464599609375
2023-12-28,369.766845703125
2023-12-29,370.515625
2024-01-02,365.421630859375
2024-01-03,365.15557861328125
2024-01-04,362.5346374511719
2024-01-05,362.3474426269531
2024-01-08,369.1855163574219
2024-01-09,370.2693176269531
2024-01-10,377.146728515625
2024-01-11,378.9794616699219
2024-01-12,382.7630615234375
2024-01-16,384.53662109375
2024-01-17,383.74835205078125
2024-01-18,388.083740234375
2024-01-19,392.8132629394531
2024-01-22,390.6849670410156
2024-01-23,393.039794921875
2024-01-24,396.64605712890625
2024-01-25,398.922119140625
2024-01-26,397.9959411621094
2024-01-29,403.7008972167969
2024-01-30,402.5874938964844
2024-01-31,391.7392272949219
2024-02-01,397.8481750488281
2024-02-02,405.17889404296875
2024-02-05,399.6907043457031
2024-02-06,399.5329895019531
2024-02-07,407.96728515625
2024-02-08,408.0263977050781
2024-02-09,414.3717956542969
2024-02-12,409.1595153808594
2024-02-13,400.3508605957031
2024-02-14,404.2203674316406
2024-02-15,401.3280944824219
2024-02-16,398.86029052734375
2024-02-20,397.60662841796875
2024-02-21,397.00445556640625
2024-02-22,406.35260009765625
2024-02-23,405.0594177246094
2024-02-26,402.2954406738281
2024-02-27,402.23626708984375
2024-02-28,402.4731750488281
2024-02-29,408.3170166015625
2024-03-01,410.1530456542969
2024-03-04,409.58050537109375
2024-03-05,397.4683837890625
2024-03-06,396.91558837890625
2024-03-07,403.8749084472656
2024-03-08,400.9924621582031
2024-03-11,399.3143005371094
2024-03-12,409.93585205078125
2024-03-13,409.7582092285156
2024-03-14,419.7479553222656
2024-03-15,411.0612487792969
2024-03-18,411.9496154785156
2024-03-19,415.9870300292969
2024-03-20,419.75787353515625
2024-03-21,423.84454345703125
2024-03-22,423.22265625
2024-03-25,417.4183349609375
2024-03-26,416.223876953125
2024-03-27,416.0068054199219
2024-03-28,415.30584716796875
2024-04-01,419.1063232421875
2024-04-02,416.0166015625
2024-04-03,415.03936767578125
2024-04-04,412.5024108886719
2024-04-05,420.0440673828125
2024-04-08,419.1260681152344
2024-04-09,420.7943115234375
2024-04-10,417.8132019042969
2024-04-11,422.423095703125
2024-04-12,416.4706726074219
2024-04-15,408.3170166015625
2024-04-16,409.244873046875
2024-04-17,406.5401306152344
2024-04-18,399.06756591796875
2024-04-19,393.9838562011719
2024-04-22,395.80010986328125
2024-04-23,402.32513427734375
2024-04-24,403.7958984375
2024-04-25,393.9048767089844
2024-04-26,401.0911560058594
2024-04-29,397.0735778808594
2024-04-30,384.3198547363281
2024-05-01,389.85760498046875
2024-05-02,392.7203063964844
2024-05-03,401.4267883300781
2024-05-06,408.21826171875
2024-05-07,404.07232666015625
2024-05-08,405.25689697265625
2024-05-09,407.01397705078125
2024-05-10,409.4028015136719
2024-05-13,408.3959655761719
2024-05-14,411.19940185546875
2024-05-15,418.3887634277344
2024-05-16,416.32196044921875
2024-05-17,415.55059814453125
2024-05-20,420.6237487792969
2024-05-21,424.2826843261719
2024-05-22,425.7463073730469
2024-05-23,422.26531982421875
2024-05-24,425.3902587890625
2024-05-28,425.54852294921875
2024-05-29,424.4112854003906
2024-05-30,410.0720520019531
2024-05-31,410.5269470214844
2024-06-03,408.934814453125
2024-06-04,411.45654296875
2024-06-05,419.3085021972656
2024-06-06,419.8128356933594
2024-06-07,419.1502685546875
2024-06-10,423.12567138671875
2024-06-11,427.88232421875
2024-06-12,436.16943359375
2024-06-13,436.68365478515625
2024-06-14,437.6626892089844
2024-06-17,443.3983459472656
2024-06-18,441.3908386230469
2024-06-20,440.75799560546875
2024-06-21,444.792724609375
2024-06-24,442.7061462402344
2024-06-25,445.94976806640625
2024-06-26,447.1463317871094
2024-06-27,447.8287048339844
2024-06-28,441.994140625
2024-07-01,451.6656799316406
2024-07-02,454.1873779296875
2024-07-03,455.660888671875
2024-07-05,462.3755798339844
2024-07-08,461.0702209472656
2024-07-09,454.44451904296875
2024-07-10,461.0801086425781
2024-07-11,449.6581726074219
2024-07-12,448.5209045410156
2024-07-15,448.9263610839844
2024-07-16,444.5356140136719
2024-07-17,438.6021728515625
2024-07-18,435.4870910644531
2024-07-19,432.2632141113281
2024-07-22,438.0285949707031
2024-07-23,439.9174499511719
2024-07-24,424.1442565917969
2024-07-25,413.7607116699219
2024-07-26,420.55450439453125
2024-07-29,421.99835205078125
2024-07-30,418.2305908203125
2024-07-31,413.71124267578125
2024-08-01,412.4849548339844
2024-08-02,403.9606018066406
2024-08-05,390.76849365234375
2024-08-06,395.1790466308594
2024-08-07,394.0121154785156
2024-08-08,398.22491455078125
2024-08-09,401.5179443359375
2024-08-12,402.2991943359375
2024-08-13,409.41937255859375
2024-08-14,412.2377624511719
2024-08-15,417.1119689941406
2024-08-16,414.5758056640625
2024-08-19,417.6072998046875
2024-08-20,420.8468933105469
2024-08-21,420.19305419921875
2024-08-22,411.6829528808594
2024-08-23,412.91143798828125
2024-08-26,409.6421813964844
2024-08-27,409.9888916015625
2024-08-28,406.7790222167969
2024-08-29,409.27557373046875
2024-08-30,413.2581787109375
2024-09-03,405.6298522949219
2024-09-04,405.0948486328125
2024-09-05,404.58966064453125
2024-09-06,397.9618835449219
2024-09-09,401.9444580078125
2024-09-10,410.3455505371094
2024-09-11,419.103271484375
2024-09-12,423.02642822265625
2024-09-13,426.5830078125
2024-09-16,427.3260192871094
2024-09-17,431.1005859375
2024-09-18,426.8009948730469
2024-09-19,434.607666015625
2024-09-20,431.2194519042969
2024-09-23,429.4758605957031
2024-09-24,425.1762390136719
2024-09-25,428.0888671875
2024-09-26,427.29632568359375
2024-09-27,424.03692626953125
2024-09-30,426.29571533203125
2024-10-01,416.7751159667969
2024-10-02,413.248291015625
2024-10-03,412.6637878417969
2024-10-04,412.1882019042969
2024-10-07,405.72894287109375
2024-10-08,410.85076904296875
2024-10-09,413.5751953125
2024-10-10,411.97027587890625
2024-10-11,412.4457702636719
2024-10-14,415.2395935058594
2024-10-15,414.84326171875
2024-10-16,412.2476806640625
2024-10-17,412.8420715332031
2024-10-18,414.2686767578125
2024-10-21,414.8829345703125
2024-10-22,423.53167724609375
2024-10-23,420.6487731933594
2024-10-24,420.7775573730469
2024-10-25,424.1656799316406
2024-10-28,422.6202392578125
2024-10-29,427.93035888671875
2024-10-30,428.50494384765625
2024-10-31,402.5686340332031
2024-11-01,406.5511474609375
2024-11-04,404.658935546875
2024-11-05,407.63104248046875
2024-11-06,416.2698669433594
2024-11-07,421.47100830078125
2024-11-08,418.60797119140625
2024-11-11,414.1200866699219
2024-11-12,419.0933532714844
2024-11-13,421.2431945800781
2024-11-14,422.9174499511719
2024-11-15,411.13812255859375
2024-11-18,411.8910217285156
2024-11-19,413.90216064453125
2024-11-20,411.62353515625
2024-11-21,409.8466491699219
2024-11-22,413.9464111328125
2024-11-25,415.7232971191406
2024-11-26,424.8559265136719
2024-11-27,419.8925476074219
2024-11-29,420.35906982421875
2024-12-02,427.8240661621094
2024-12-03,428.04241943359375
2024-12-04,434.2168884277344
2024-12-05,439.3787841796875
2024-12-06,440.32183837890625
2024-12-09,442.7538757324219
2024-12-10,440.0836181640625
2024-12-11,445.7021484375
2024-12-12,446.2679748535156
2024-12-13,443.9947204589844
2024-12-16,448.2831115722656
2024-12-17,451.1321105957031
2024-12-18,434.1871032714844
2024-12-19,433.8297424316406
2024-12-20,433.40289306640625
2024-12-23,432.0627746582031
2024-12-24,436.11285400390625
2024-12-26,434.9018249511719
2024-12-27,427.3773193359375
2024-12-30,421.71905517578125
2024-12-31,418.4134521484375
